<?xml version="1.0" encoding="utf-8" ?>
<Root>
   <EmergencyUpdate>
     <LauncherZip URL="0" ExeMD5="" />
     <VersionForced version1="" version2="" version3=""/>
   </EmergencyUpdate>
    <LatestVersion>1307220</LatestVersion>
  <BulletinText LatestVersion="" URL="0" TestLatestVersion="" TestURL="0"/>
  <AreaList>
         <Area name="Area1" index="1" CurVersion="">
          <PatchServer url="http://github.com/vancourt/BOILegendsUpdates/releases/download/" port="" maxsize="1500" Clientdir="client/" Xmlfiledir="Versioncmpfiles/" /> 
	  <Loginserver ip="connect.boilegends.com" port="30002" zoneid="26" name="Legends"/>
        </Area>
    </AreaList>
</Root>	