<?xml version="1.0" encoding="UTF-8" standalone="NO" ?>
<Revision>
    <Version interversion="1307203" publicversion="1.0.0.1" prevversion="1307202">
		<upgrade filename="patcher_1307202_1307203.exe" size="12902400" checktype="md5" checksum="3dd5441cb4eba582cbf6ea453e788465" />
		<degrade filename="" size="0" checktype="md5" checksum="" />
    </Version>

    <Version interversion="1307204" publicversion="1.0.0.1" prevversion="1307203">
		<upgrade filename="patcher_1307203_1307204.exe" size="15937536" checktype="md5" checksum="f361ca446d7b4c4465a9a95ae8e99f1c" />
		<degrade filename="patcher_1307202_1307203.exe" size="12902400" checktype="md5" checksum="3dd5441cb4eba582cbf6ea453e788465" />
    </Version>

    <Version interversion="1307205" publicversion="1.0.0.1" prevversion="1307204">
		<upgrade filename="patcher_1307204_1307205.exe" size="1490944" checktype="md5" checksum="42f19e6dc22c25678ed5df7bbd4ffd91" />
		<degrade filename="patcher_1307203_1307204.exe" size="15937536" checktype="md5" checksum="f361ca446d7b4c4465a9a95ae8e99f1c" />
    </Version>

    <Version interversion="1307206" publicversion="1.0.0.1" prevversion="1307205">
		<upgrade filename="patcher_1307205_1307206.exe" size="3215360" checktype="md5" checksum="d078b0ac969d0b99d9fc1be1898851e8" />
		<degrade filename="patcher_1307204_1307205.exe" size="1490944" checktype="md5" checksum="42f19e6dc22c25678ed5df7bbd4ffd91" />
    </Version>

    <Version interversion="1307207" publicversion="1.0.0.1" prevversion="1307206">
		<upgrade filename="patcher_1307206_1307207.exe" size="3215360" checktype="md5" checksum="3566be1dc1c2bd6f9fc45dd91791f199" />
		<degrade filename="patcher_1307205_1307206.exe" size="3215360" checktype="md5" checksum="d078b0ac969d0b99d9fc1be1898851e8" />
    </Version>

    <Version interversion="1307208" publicversion="1.0.0.1" prevversion="1307207">
		<upgrade filename="patcher_1307207_1307208.exe" size="35885056" checktype="md5" checksum="2ef417987c4c6a2fc6ad62a4ec25bb69" />
		<degrade filename="patcher_1307206_1307207.exe" size="3215360" checktype="md5" checksum="3566be1dc1c2bd6f9fc45dd91791f199" />
    </Version>

    <Version interversion="1307209" publicversion="1.0.0.1" prevversion="1307208">
		<upgrade filename="patcher_1307208_1307209.exe" size="1998848" checktype="md5" checksum="e2b484f1c1f4263113ff622dd10fa45c" />
		<degrade filename="patcher_1307207_1307208.exe" size="35885056" checktype="md5" checksum="2ef417987c4c6a2fc6ad62a4ec25bb69" />
    </Version>

    <Version interversion="1307210" publicversion="1.0.0.1" prevversion="1307209">
		<upgrade filename="patcher_1307209_1307210.exe" size="3555328" checktype="md5" checksum="ce3fc9d7d453ec8309067ba3d3f5590d" />
		<degrade filename="patcher_1307208_1307209.exe" size="1998848" checktype="md5" checksum="e2b484f1c1f4263113ff622dd10fa45c" />
    </Version>

    <Version interversion="1307211" publicversion="1.0.0.1" prevversion="1307210">
		<upgrade filename="patcher_1307210_1307211.exe" size="3485696" checktype="md5" checksum="c26491319fd4b779b41e8b982fb643ee" />
		<degrade filename="patcher_1307209_1307210.exe" size="3555328" checktype="md5" checksum="ce3fc9d7d453ec8309067ba3d3f5590d" />
    </Version>

    <Version interversion="1307212" publicversion="1.0.0.1" prevversion="1307211">
		<upgrade filename="patcher_1307211_1307212.exe" size="16035840" checktype="md5" checksum="f11cbfe84ebf05e8d07fe18be9df0d2f" />
		<degrade filename="patcher_1307210_1307211.exe" size="3485696" checktype="md5" checksum="c26491319fd4b779b41e8b982fb643ee" />
    </Version>

    <Version interversion="1307213" publicversion="1.0.0.1" prevversion="1307212">
		<upgrade filename="patcher_1307212_1307213.exe" size="3231744" checktype="md5" checksum="13b32e1e1cc454bf5ba2db3f08413a03" />
		<degrade filename="patcher_1307211_1307212.exe" size="16035840" checktype="md5" checksum="f11cbfe84ebf05e8d07fe18be9df0d2f" />
    </Version>

    <Version interversion="1307214" publicversion="1.0.0.1" prevversion="1307213">
		<upgrade filename="patcher_1307213_1307214.exe" size="3276800" checktype="md5" checksum="17f7baca43be19244289fa14a30c588f" />
		<degrade filename="patcher_1307212_1307213.exe" size="3231744" checktype="md5" checksum="13b32e1e1cc454bf5ba2db3f08413a03" />
    </Version>

    <Version interversion="1307215" publicversion="1.0.0.1" prevversion="1307214">
		<upgrade filename="patcher_1307214_1307215.exe" size="2002944" checktype="md5" checksum="f8c6b5d9fa7cebb061ce94c662254cc3" />
		<degrade filename="patcher_1307213_1307214.exe" size="3276800" checktype="md5" checksum="17f7baca43be19244289fa14a30c588f" />
    </Version>

    <Version interversion="1307216" publicversion="1.0.0.1" prevversion="1307215">
		<upgrade filename="patcher_1307215_1307216.exe" size="3244032" checktype="md5" checksum="e4eb34ca17e0b04739bc2d8ac19dc11b" />
		<degrade filename="patcher_1307214_1307215.exe" size="2002944" checktype="md5" checksum="f8c6b5d9fa7cebb061ce94c662254cc3" />
    </Version>

    <Version interversion="1307217" publicversion="1.0.0.1" prevversion="1307216">
		<upgrade filename="patcher_1307216_1307217.exe" size="17334272" checktype="md5" checksum="9520d229c9189f49ec3461ce9210f0f4" />
		<degrade filename="patcher_1307215_1307216.exe" size="3244032" checktype="md5" checksum="e4eb34ca17e0b04739bc2d8ac19dc11b" />
    </Version>

    <Version interversion="1307218" publicversion="1.0.0.1" prevversion="1307217">
		<upgrade filename="patcher_1307217_1307218.exe" size="1740800" checktype="md5" checksum="e26d277eaacb7df298c5a20880c363bd" />
		<degrade filename="patcher_1307216_1307217.exe" size="17334272" checktype="md5" checksum="9520d229c9189f49ec3461ce9210f0f4" />
    </Version>

    <Version interversion="1307219" publicversion="1.0.0.1" prevversion="1307218">
		<upgrade filename="patcher_1307218_1307219.exe" size="89866240" checktype="md5" checksum="0ccb716ef3cecf2d9a147db8c6cc1a1a" />
		<degrade filename="patcher_1307217_1307218.exe" size="1740800" checktype="md5" checksum="e26d277eaacb7df298c5a20880c363bd" />
    </Version>

    <Version interversion="1307220" publicversion="1.0.0.1" prevversion="1307219">
		<upgrade filename="patcher_1307219_1307220.exe" size="1744896" checktype="md5" checksum="e6ef088322affba997058fa2ee6de976" />
		<degrade filename="patcher_1307218_1307219.exe" size="89866240" checktype="md5" checksum="0ccb716ef3cecf2d9a147db8c6cc1a1a" />
    </Version>

</Revision>